Year,School,Conf,Wins,Losses,Win Pct,Conf Wins,Conf Losses,Conf Win Pct,Off PPG,Def PPG,SRS,SOS,AP Pre,AP High,AP Rank,Football Total Operating Expenses
2017,Air Force,MWC,5,7,0.417,4,4,0.5,31.4,32.4,-4.77,-1.02,,,,"$9,856,121"
2018,Air Force,MWC,5,7,0.417,3,5,0.375,30.3,25.8,-1.72,-3.8,,,,"$9,798,847"
2019,Air Force,MWC,11,2,0.846,7,1,0.875,34.1,19.8,10.47,-2.22,,22,22,"$10,973,009"
2022,Air Force,MWC,10,3,0.769,5,3,0.625,27.8,13.4,4.13,-7.41,,,,"$11,422,176"
2017,Akron,MAC,7,7,0.5,6,2,0.75,22.1,28,-4.82,-1.96,,,,"$12,102,221"
2018,Akron,MAC,4,8,0.333,2,6,0.25,18.9,27.2,-11.66,-3.33,,,,"$12,994,552"
2019,Akron,MAC,0,12,0,0,8,0,10.5,36.3,-26.64,-7.06,,,,"$7,523,215"
2020,Akron,MAC,1,5,0.167,1,5,0.167,17.2,41.3,-8.82,5.52,,,,"$5,385,395"
2021,Akron,MAC,2,10,0.167,1,7,0.125,19.8,39.5,-16.82,-4.41,,,,"$6,437,759"
2022,Akron,MAC,2,10,0.167,1,7,0.125,21.8,33.5,-13.49,-5.16,,,,"$7,896,714"
2017,Alabama,SEC,13,1,0.929,7,1,0.875,37.1,11.9,21.25,5.46,1,1,1,"$62,944,471"
2018,Alabama,SEC,14,1,0.933,8,0,1,45.6,18.1,25.29,6.63,1,1,2,"$69,718,057"
2019,Alabama,SEC,11,2,0.846,6,2,0.75,47.2,18.6,21.11,2.81,2,1,8,"$58,508,851"
2020,Alabama,SEC,13,0,1,10,0,1,48.5,19.4,30.26,9.72,3,1,1,"$59,515,883"
2021,Alabama,SEC,13,2,0.867,7,1,0.875,39.9,20.1,19.62,5.69,1,1,2,"$78,521,050"
2022,Alabama,SEC,11,2,0.846,6,2,0.75,41.1,18.2,19.66,4.58,1,1,5,"$83,333,815"
2017,Appalachian State,Sun Belt,9,4,0.692,7,1,0.875,33.5,20.2,0.59,-7.72,,,,"$9,257,326"
2018,Appalachian State,Sun Belt,11,2,0.846,7,1,0.875,37.3,15.5,9.76,-4.78,,25,,"$9,753,118"
2019,Appalachian State,Sun Belt,13,1,0.929,7,1,0.875,38.8,20,11.49,-3.8,,19,19,"$9,738,225"
2020,Appalachian State,Sun Belt,9,3,0.75,6,2,0.75,33.8,20,5.47,-5.95,,23,,"$9,785,359"
2021,Appalachian State,Sun Belt,10,4,0.714,7,1,0.875,34.5,22.1,7.28,-2.43,,,,"$11,995,591"
2022,Appalachian State,Sun Belt,6,6,0.5,3,5,0.375,34.9,26.8,0.63,-3.71,,,,"$13,616,432"
2017,Arizona,Pac-12,7,6,0.538,5,4,0.556,41.3,34.4,3.17,-0.98,,23,,"$32,500,874"
2018,Arizona,Pac-12,5,7,0.417,4,5,0.444,31.3,32.6,-0.57,0.76,,,,"$22,568,496"
2019,Arizona,Pac-12,4,8,0.333,2,7,0.222,26.9,35.8,-4.25,3.17,,,,"$22,116,726"
2020,Arizona,Pac-12,0,5,0,0,5,0,17.4,39.8,-14.08,1.12,,,,"$25,867,931"
2021,Arizona,Pac-12,1,11,0.083,1,8,0.111,17.2,31.4,-12.4,1.44,,,,"$26,564,749"
2022,Arizona,Pac-12,5,7,0.417,3,6,0.333,30.8,36.5,-1.58,3.01,,,,"$37,652,706"
2017,Arizona State,Pac-12,7,6,0.538,6,3,0.667,31.8,32.8,3.8,3.72,,,,"$52,816,903"
2018,Arizona State,Pac-12,7,6,0.538,5,4,0.556,29.9,25.5,5.37,1.67,,23,,"$31,977,970"
2019,Arizona State,Pac-12,8,5,0.615,4,5,0.444,24.8,22.4,4.72,2.34,,17,,"$40,701,748"
2020,Arizona State,Pac-12,2,2,0.5,2,2,0.5,40.3,23.3,1.75,-4,,,,"$26,093,543"
2021,Arizona State,Pac-12,8,5,0.615,6,3,0.667,28.4,20.8,6.49,-0.74,25,18,,"$39,264,216"
2022,Arizona State,Pac-12,3,9,0.25,2,7,0.222,26.1,31.4,-5.06,2.2,,,,"$47,449,451"
2017,Arkansas,SEC,4,8,0.333,1,7,0.125,28.8,36.2,-2.45,4.3,,,,"$44,633,636"
2018,Arkansas,SEC,2,10,0.167,0,8,0,21.7,34.8,-4.63,4.96,,,,"$43,162,670"
2019,Arkansas,SEC,2,10,0.167,0,8,0,21.4,36.8,-6.58,4.84,,,,"$43,552,585"
2020,Arkansas,SEC,3,7,0.3,3,7,0.3,25.7,34.9,3.99,11.39,,,,"$34,383,743"
2021,Arkansas,SEC,9,4,0.692,4,4,0.5,30.9,22.9,11.54,4.62,,8,21,"$46,994,950"
2022,Arkansas,SEC,7,6,0.538,3,5,0.375,32.5,30.6,5.95,5.1,19,10,,"$53,940,684"
2017,Arkansas State,Sun Belt,7,5,0.583,6,2,0.75,37.8,25.8,-2.42,-9.92,,,,"$20,884,373"
2018,Arkansas State,Sun Belt,8,5,0.615,5,3,0.625,30.3,25.6,0.92,-4.69,,,,"$13,800,313"
2019,Arkansas State,Sun Belt,8,5,0.615,5,3,0.625,33.7,34.2,-1.78,-3.93,,,,"$12,431,457"
2021,Arkansas State,Sun Belt,2,10,0.167,1,7,0.125,25.3,38.6,-14.3,-3.97,,,,"$13,458,901"
2022,Arkansas State,Sun Belt,3,9,0.25,1,7,0.125,25,31.4,-10.77,-2.52,,,,"$13,276,879"
2020,Army,Ind,9,3,0.75,,,,26.8,14.8,0.67,-7.59,,22,,"$14,588,362"
2022,Army,Ind,6,6,0.5,,,,28.6,22.5,-0.62,-4.62,,,,"$16,987,378"
2017,Auburn,SEC,10,4,0.714,7,1,0.875,33.9,18.5,17.95,6.38,12,4,10,"$44,380,720"
2018,Auburn,SEC,8,5,0.615,3,5,0.375,30.9,19.2,10.76,5.6,9,7,,"$47,846,261"
2019,Auburn,SEC,9,4,0.692,5,3,0.625,33.2,19.5,16.26,7.72,16,7,14,"$45,953,518"
2020,Auburn,SEC,6,5,0.545,6,4,0.6,25.1,24.7,9.61,9.52,11,7,,"$51,651,240"
2021,Auburn,SEC,6,7,0.462,3,5,0.375,28.3,21.8,6.66,5.73,,12,,"$52,254,829"
2022,Auburn,SEC,5,7,0.417,2,6,0.25,24.8,29.5,3.9,7.4,,,,"$71,107,903"
2017,Ball State,MAC,2,10,0.167,0,8,0,17.9,40.7,-19.27,-5.52,,,,"$7,426,787"
2018,Ball State,MAC,4,8,0.333,3,5,0.375,24.2,32.4,-10.49,-4.08,,,,"$7,028,857"
2019,Ball State,MAC,5,7,0.417,4,4,0.5,34.8,31.4,-3.51,-4.43,,,,"$7,203,254"
2020,Ball State,MAC,7,1,0.875,5,1,0.833,34.3,25.8,18.41,8.91,,23,23,"$5,997,965"
2021,Ball State,MAC,6,7,0.462,4,4,0.5,24.1,28.4,-5.56,-2.56,,,,"$8,341,965"
2022,Ball State,MAC,5,7,0.417,3,5,0.375,23.3,26.9,-7.58,-5.5,,,,"$8,779,641"
2017,Boise State,MWC,11,3,0.786,7,1,0.875,32.5,22.9,8.67,-0.48,,22,22,"$18,123,036"
2018,Boise State,MWC,10,3,0.769,7,1,0.875,35.4,22.1,8.69,-0.46,22,17,23,"$19,525,349"
2019,Boise State,MWC,12,2,0.857,8,0,1,34.7,21.9,8.94,-2.28,,14,23,"$19,166,222"
2020,Boise State,MWC,5,2,0.714,5,0,1,33.9,27.1,3.41,-3.02,,21,,"$14,765,240"
2021,Boise State,MWC,7,5,0.583,5,3,0.625,29.2,19,8.85,2.02,,,,"$18,442,286"
2022,Boise State,MWC,10,4,0.714,8,0,1,29.5,19.5,3.54,-4.82,,,,"$21,475,842"
2017,Bowling Green,MAC,2,10,0.167,2,6,0.25,25.3,38,-13.11,-2.36,,,,"$6,887,242"
2018,Bowling Green,MAC,3,9,0.25,2,6,0.25,24.3,40,-15.11,-4.11,,,,"$7,750,186"
2019,Bowling Green,MAC,3,9,0.25,2,6,0.25,16,38.6,-16.08,-3.66,,,,"$7,229,070"
2020,Bowling Green,MAC,0,5,0,0,5,0,11.4,45,-17.51,6.49,,,,"$5,251,594"
2021,Bowling Green,MAC,4,8,0.333,2,6,0.25,21.4,30.7,-12,-4.83,,,,"$6,969,203"
2022,Bowling Green,MAC,6,7,0.462,5,3,0.625,23.5,32.5,-10.99,-4.6,,,,"$9,832,039"
2017,Buffalo,MAC,6,6,0.5,4,4,0.5,28.5,24.8,-2.92,-5.34,,,,"$8,738,891"
2018,Buffalo,MAC,10,4,0.714,7,1,0.875,34.6,25.9,1.57,-5.29,,,,"$9,724,778"
2019,Buffalo,MAC,8,5,0.615,5,3,0.625,31.5,21.3,1.44,-6.49,,,,"$10,392,890"
2020,Buffalo,MAC,6,1,0.857,5,0,1,43.4,21.9,17.73,1.73,,23,25,"$10,095,438"
2021,Buffalo,MAC,4,8,0.333,2,6,0.25,29.3,29.9,-9.41,-5.58,,,,"$10,806,655"
2022,Buffalo,MAC,7,6,0.538,5,3,0.625,28.5,26.7,-5.74,-7.28,,,,"$12,213,905"
2017,California,Pac-12,5,7,0.417,2,7,0.222,27.8,28.4,-0.16,1.76,,,,"$39,569,523"
2018,California,Pac-12,7,6,0.538,4,5,0.444,21.5,20.4,1.67,0.67,,24,,"$36,251,313"
2019,California,Pac-12,8,5,0.615,4,5,0.444,21.2,21.9,3.39,2.69,,15,,"$31,223,684"
2020,California,Pac-12,1,3,0.25,1,3,0.25,20.3,26.5,-10.11,-2.36,,,,"$24,188,678"
2021,California,Pac-12,5,7,0.417,4,5,0.444,23.8,22.3,-1.32,-2.07,,,,"$34,014,921"
2022,California,Pac-12,4,8,0.333,2,7,0.222,23.9,27.8,-1.08,2.5,,,,"$37,967,279"
2017,Central Michigan,MAC,8,5,0.615,6,2,0.75,28.5,27.5,-5.03,-4.8,,,,"$7,751,331"
2018,Central Michigan,MAC,1,11,0.083,0,8,0,15,27.3,-15.76,-4.18,,,,"$8,727,158"
2019,Central Michigan,MAC,8,6,0.571,6,2,0.75,30.4,28.3,-2.98,-6.41,,,,"$8,952,840"
2020,Central Michigan,MAC,3,3,0.5,3,3,0.5,31.3,30.2,8.26,8.26,,,,"$6,453,776"
2021,Central Michigan,MAC,9,4,0.692,6,2,0.75,32.3,25.8,1.35,-4.57,,,,"$11,936,564"
2022,Central Michigan,MAC,4,8,0.333,3,5,0.375,24.8,28.2,-10.66,-5.16,,,,"$10,996,154"
2017,Charlotte,CUSA,1,11,0.083,1,7,0.125,14.2,32.8,-20.25,-6,,,,"$11,541,778"
2018,Charlotte,CUSA,5,7,0.417,4,4,0.5,21.7,26.6,-7.33,-4.24,,,,"$11,776,955"
2019,Charlotte,CUSA,7,6,0.538,5,3,0.625,29.8,32.4,-6.88,-5.41,,,,"$12,994,491"
2020,Charlotte,CUSA,2,4,0.333,2,2,0.5,27,32.5,-14.41,-9.41,,,,"$11,317,565"
2021,Charlotte,CUSA,5,7,0.417,3,5,0.375,27.2,34,-11.35,-5.93,,,,"$12,091,036"
2022,Charlotte,CUSA,3,9,0.25,2,6,0.25,24.4,39.4,-16.23,-5.81,,,,"$14,852,413"
2017,Cincinnati,American,4,8,0.333,2,6,0.25,20.9,31.8,-9.59,-0.76,,,,"$13,859,952"
2018,Cincinnati,American,11,2,0.846,6,2,0.75,34.9,17.2,7.15,-3.93,,19,24,"$14,989,709"
2019,Cincinnati,American,11,3,0.786,7,1,0.875,29.6,20.6,10.87,2.51,,17,21,"$15,410,440"
2020,Cincinnati,American,9,1,0.9,6,0,1,37.5,16.8,14.92,-1.28,20,6,8,"$16,006,560"
2021,Cincinnati,American,13,1,0.929,8,0,1,36.9,16.9,15.34,0.2,8,2,4,"$23,524,235"
2022,Cincinnati,American,9,4,0.692,6,2,0.75,29.2,20.6,5.85,-1,23,20,,"$24,835,992"
2017,Clemson,ACC,12,2,0.857,7,1,0.875,33.3,13.6,20.62,6.84,5,1,4,"$46,283,756"
2018,Clemson,ACC,15,0,1,8,0,1,44.3,13.1,26.45,5.19,2,1,1,"$55,734,030"
2019,Clemson,ACC,14,1,0.933,8,0,1,43.9,13.5,21.04,2.7,1,1,2,"$55,990,849"
2020,Clemson,ACC,10,2,0.833,8,1,0.889,43.5,20.2,16.82,1.07,1,1,3,"$47,981,806"
2021,Clemson,ACC,10,3,0.769,6,2,0.75,26.3,14.8,11.43,2.66,3,3,14,"$54,915,721"
2022,Clemson,ACC,11,3,0.786,8,0,1,33.2,20.9,13.59,3.3,4,4,13,"$66,770,955"
2017,Coastal Carolina,Sun Belt,3,9,0.25,2,6,0.25,23.7,34,-17.2,-8.78,,,,"$10,825,417"
2018,Coastal Carolina,Sun Belt,5,7,0.417,2,6,0.25,26.7,33.2,-9.17,-3.25,,,,"$11,566,016"
2019,Coastal Carolina,Sun Belt,5,7,0.417,2,6,0.25,30.3,30.5,-7.02,-6.02,,,,"$12,310,489"
2020,Coastal Carolina,Sun Belt,11,1,0.917,8,0,1,37.2,20.3,10.9,-2.86,,9,14,"$13,685,788"
2021,Coastal Carolina,Sun Belt,11,2,0.846,6,2,0.75,40.9,21.6,3.98,-8.94,22,14,,"$18,324,176"
2022,Coastal Carolina,Sun Belt,9,4,0.692,6,2,0.75,29.1,31.8,-3.12,-2.66,,23,,"$17,632,946"
2017,Colorado,Pac-12,5,7,0.417,2,7,0.222,26.4,28.2,-2.61,-0.36,,,,"$22,082,240"
2018,Colorado,Pac-12,5,7,0.417,2,7,0.222,27.1,27.3,-1.17,0.08,,19,,"$29,642,881"
2019,Colorado,Pac-12,5,7,0.417,3,6,0.333,23.5,31.8,-0.02,5.07,,,,"$22,703,444"
2020,Colorado,Pac-12,4,2,0.667,3,1,0.75,28.5,31.7,-1.66,-0.66,,21,,"$17,520,552"
2021,Colorado,Pac-12,4,8,0.333,3,6,0.333,18.8,26.7,-6.6,1.65,,,,"$25,533,983"
2022,Colorado,Pac-12,1,11,0.083,1,8,0.111,15.4,44.5,-12.08,7.92,,,,"$34,988,626"
2017,Colorado State,MWC,7,6,0.538,5,3,0.625,33.4,27.8,-0.87,-4.95,,,,"$21,696,560"
2018,Colorado State,MWC,3,9,0.25,2,6,0.25,22.8,36.8,-12.74,-2.49,,,,"$25,082,903"
2019,Colorado State,MWC,4,8,0.333,3,5,0.375,28.1,31.2,-6.84,-3.59,,,,"$26,626,424"
2020,Colorado State,MWC,1,3,0.25,1,3,0.25,22.3,35.8,-14.31,-2.56,,,,"$25,895,035"
2021,Colorado State,MWC,3,9,0.25,2,6,0.25,23.7,28.3,-6.57,-2.16,,,,"$30,924,749"
2022,Colorado State,MWC,3,9,0.25,3,5,0.375,13.2,26.9,-14.63,-4.8,,,,"$29,782,795"
2017,Connecticut,American,3,9,0.25,2,6,0.25,23.6,37.9,-12.29,-0.12,,,,"$15,766,540"
2018,Connecticut,American,1,11,0.083,0,8,0,22.2,50.4,-18.99,-1.32,,,,"$16,613,697"
2019,Connecticut,American,2,10,0.167,0,8,0,18.9,40.5,-14.83,-1.33,,,,"$17,193,907"
2020,Connecticut,Ind,0,0,,,,,,,,,,,,"$10,064,486"
2021,Connecticut,Ind,1,11,0.083,,,,15.6,38.5,-19.18,-2.59,,,,"$18,443,327"
2022,Connecticut,Ind,6,7,0.462,,,,19.4,26.2,-5.78,-3.09,,,,"$20,070,343"
2017,East Carolina,American,3,9,0.25,2,6,0.25,24.9,45,-12.37,-0.04,,,,"$11,409,995"
2018,East Carolina,American,3,9,0.25,1,7,0.125,22.8,37.3,-11.08,-2.41,,,,"$15,044,661"
2019,East Carolina,American,4,8,0.333,1,7,0.125,26.8,33.7,-9.85,-2.85,,,,"$12,533,974"
2020,East Carolina,American,3,6,0.333,3,5,0.375,30.2,35.4,-6.43,-1.98,,,,"$10,244,488"
2021,East Carolina,American,7,5,0.583,5,3,0.625,29.7,26.3,1.92,-0.83,,,,"$15,564,784"
2022,East Carolina,American,8,5,0.615,4,4,0.5,32.5,27.2,4.41,-0.82,,,,"$17,991,796"
2017,Eastern Michigan,MAC,5,7,0.417,3,5,0.375,26.1,23.3,-4.09,-4.76,,,,"$8,456,462"
2018,Eastern Michigan,MAC,7,6,0.538,5,3,0.625,27,22.1,-1.16,-4.85,,,,"$8,712,630"
2019,Eastern Michigan,MAC,6,7,0.462,3,5,0.375,29.2,30.6,-7.5,-5.81,,,,"$8,456,325"
2020,Eastern Michigan,MAC,2,4,0.333,2,4,0.333,33.2,36,5.8,9.13,,,,"$6,752,693"
2021,Eastern Michigan,MAC,7,6,0.538,4,4,0.5,30.2,30,-3.88,-4.8,,,,"$10,066,357"
2022,Eastern Michigan,MAC,9,4,0.692,5,3,0.625,29.8,28.5,-6.78,-8.78,,,,"$10,976,782"
2017,FAU,CUSA,11,3,0.786,8,0,1,40.6,22.7,8.01,-4.78,,,,"$10,813,136"
2018,FAU,CUSA,5,7,0.417,3,5,0.375,31.1,31.8,-2.73,-2.15,,,,"$10,506,252"
2019,FAU,CUSA,11,3,0.786,7,1,0.875,36.4,22.7,8.28,-2.43,,,,"$11,026,847"
2020,FAU,CUSA,5,4,0.556,4,2,0.667,18.9,17.4,-7.91,-10.02,,,,"$8,017,146"
2021,FAU,CUSA,5,7,0.417,3,5,0.375,25.4,25.8,-5.74,-3.9,,,,"$13,549,419"
2022,FAU,CUSA,5,7,0.417,4,4,0.5,29.8,26.6,-6.44,-5.86,,,,"$15,116,327"
2017,FIU,CUSA,8,5,0.615,5,3,0.625,25.6,28.5,-6.75,-6.36,,,,"$13,792,571"
2018,FIU,CUSA,9,4,0.692,6,2,0.75,34.6,25.2,-0.53,-7.15,,,,"$14,993,021"
2019,FIU,CUSA,6,7,0.462,3,5,0.375,26.5,27.2,-8.19,-6.96,,,,"$14,390,494"
2020,FIU,CUSA,0,5,0,0,3,0,22.4,32.4,-22.18,-10.38,,,,"$11,408,356"
2021,FIU,CUSA,1,11,0.083,0,8,0,20.3,39.7,-19.86,-4.86,,,,"$9,887,723"
2022,FIU,CUSA,4,8,0.333,2,6,0.25,18.7,37.3,-17.44,-7.44,,,,"$11,363,820"
2017,Florida,SEC,4,7,0.364,3,5,0.375,22.1,27.3,0.83,5.37,17,17,,"$47,767,368"
2018,Florida,SEC,10,3,0.769,5,3,0.625,35,20,13.66,4.04,,7,7,"$39,499,666"
2019,Florida,SEC,11,2,0.846,6,2,0.75,33.2,15.5,15.22,2.91,8,6,6,"$37,611,099"
2020,Florida,SEC,8,4,0.667,8,2,0.8,39.8,30.8,16.85,8.02,8,3,13,"$29,789,919"
2021,Florida,SEC,6,7,0.462,2,6,0.25,30.7,26.8,4.37,2.14,13,10,,"$61,244,174"
2022,Florida,SEC,6,7,0.462,3,5,0.375,29.5,28.8,6.92,7,,12,,"$46,453,763"
2017,Florida State,ACC,7,6,0.538,3,5,0.375,27.8,21.2,8.07,5.76,3,3,,"$57,509,044"
2018,Florida State,ACC,5,7,0.417,3,5,0.375,21.9,31.5,-1.67,4.92,19,19,,"$47,472,432"
2019,Florida State,ACC,6,7,0.462,4,4,0.5,27.9,27.8,1.78,2.32,,,,"$67,663,922"
2020,Florida State,ACC,3,6,0.333,2,6,0.25,25.8,36,-8.87,-1.54,,,,"$36,751,494"
2021,Florida State,ACC,5,7,0.417,4,4,0.5,27.6,26.5,0.64,2.22,,,,"$54,558,109"
2022,Florida State,ACC,10,3,0.769,5,3,0.625,36.1,20.6,14.77,3.38,,11,11,"$75,646,762"
2017,Fresno State,MWC,10,4,0.714,7,1,0.875,27.1,17.9,4.47,-1.68,,25,,"$18,070,018"
2018,Fresno State,MWC,12,2,0.857,7,1,0.875,34.6,14.1,12.32,-3.04,,16,18,"$16,803,337"
2019,Fresno State,MWC,4,8,0.333,2,6,0.25,30,30.1,-4.53,-3.12,,,,"$14,816,314"
2020,Fresno State,MWC,3,3,0.5,3,3,0.5,32.8,30,-8.9,-11.74,,,,"$9,738,867"
2021,Fresno State,MWC,10,3,0.769,6,2,0.75,33.4,20.5,4.88,-3.89,,18,,"$14,838,598"
2022,Fresno State,MWC,10,4,0.714,7,1,0.875,30.6,19.4,4.48,-3.94,,24,24,"$16,874,669"
2017,Georgia,SEC,13,2,0.867,7,1,0.875,35.4,16.4,22.47,7.01,15,2,2,"$44,909,546"
2018,Georgia,SEC,11,3,0.786,7,1,0.875,37.9,19.2,20.69,6.33,3,2,7,"$49,207,807"
2019,Georgia,SEC,12,2,0.857,7,1,0.875,30.8,12.6,17.64,5.21,3,3,4,"$48,501,193"
2020,Georgia,SEC,8,2,0.8,7,2,0.778,32.3,20,19.33,8.53,4,3,7,"$36,192,952"
2021,Georgia,SEC,14,1,0.933,8,0,1,38.6,10.2,24.62,5.62,5,1,1,"$61,722,123"
2022,Georgia,SEC,15,0,1,8,0,1,41.1,14.3,25.48,6.28,3,1,1,"$69,069,745"
2017,Georgia Southern,Sun Belt,2,10,0.167,2,6,0.25,20.8,32.2,-16.83,-5.58,,,,"$6,699,265"
2018,Georgia Southern,Sun Belt,10,3,0.769,6,2,0.75,30.5,21.5,3.8,-5.05,,,,"$8,994,069"
2019,Georgia Southern,Sun Belt,7,6,0.538,5,3,0.625,28.2,28.2,-0.07,-1.61,,,,"$8,966,676"
2020,Georgia Southern,Sun Belt,8,5,0.615,4,4,0.5,27.2,20.8,-1.8,-6.18,,,,"$7,787,679"
2021,Georgia Southern,Sun Belt,3,9,0.25,2,6,0.25,20.3,31.4,-12.01,-2.34,,,,"$9,387,255"
2022,Georgia Southern,Sun Belt,6,7,0.462,3,5,0.375,32.7,31.6,-4.07,-3.14,,,,"$10,575,189"
2017,Georgia State,Sun Belt,7,5,0.583,5,3,0.625,20.3,24.8,-10.66,-9.25,,,,"$7,897,383"
2018,Georgia State,Sun Belt,2,10,0.167,1,7,0.125,23.9,37.4,-14.41,-2.41,,,,"$8,162,775"
2019,Georgia State,Sun Belt,7,6,0.538,4,4,0.5,31.2,36.2,-6.61,-3.84,,,,"$8,893,683"
2020,Georgia State,Sun Belt,6,4,0.6,4,4,0.5,33.3,31.7,0.34,-3.86,,,,"$8,454,933"
2021,Georgia State,Sun Belt,8,5,0.615,6,2,0.75,28.2,27.1,-0.83,-2.98,,,,"$9,235,632"
2022,Georgia State,Sun Belt,4,8,0.333,3,5,0.375,30,31.2,-4.71,-1.88,,,,"$9,227,781"
2017,Georgia Tech,ACC,5,6,0.455,4,4,0.5,28.1,26.5,6.38,5.93,,,,"$25,306,907"
2018,Georgia Tech,ACC,7,6,0.538,5,3,0.625,33.6,29.3,2.76,1.76,,,,"$31,058,130"
2019,Georgia Tech,ACC,3,9,0.25,2,6,0.25,16.7,32.4,-8.49,2.42,,,,"$27,200,382"
2020,Georgia Tech,ACC,3,7,0.3,3,6,0.333,23.9,36.8,-7.85,0.05,,,,"$19,854,441"
2021,Georgia Tech,ACC,3,9,0.25,2,6,0.25,24,33.5,-1.91,3.68,,,,"$26,494,520"
2022,Georgia Tech,ACC,5,7,0.417,4,4,0.5,17.2,28.4,-3.29,4.55,,,,"$35,427,186"
2019,Hawaii,MWC,10,5,0.667,5,3,0.625,33.9,31.9,0.19,-1.75,,,,"$13,520,707"
2021,Hawaii,MWC,6,7,0.462,3,5,0.375,28.8,31.4,-5.19,-3.58,,,,"$12,476,534"
2022,Hawaii,MWC,3,10,0.231,2,6,0.25,19.8,34.7,-14.31,-4.77,,,,"$13,967,574"
2017,Houston,American,7,5,0.583,5,3,0.625,28.3,23.8,2.63,-0.7,,,,"$14,303,118"
2018,Houston,American,8,5,0.615,5,3,0.625,43.9,37.2,1.18,-4.82,,17,,"$18,657,541"
2019,Houston,American,4,8,0.333,2,6,0.25,30.7,34,-0.41,3.25,,,,"$18,177,111"
2020,Houston,American,3,5,0.375,3,3,0.5,30,32,-2.84,0.53,,,,"$16,139,796"
2021,Houston,American,12,2,0.857,8,0,1,35.9,20.4,8.53,-3.26,,16,17,"$20,447,059"
2022,Houston,American,8,5,0.615,5,3,0.625,36.1,32.2,3.8,0.8,24,24,,"$20,806,184"
2017,Illinois,Big Ten,2,10,0.167,0,9,0,15.4,31.5,-7.87,5.38,,,,"$22,235,743"
2018,Illinois,Big Ten,4,8,0.333,2,7,0.222,26,39.4,-6.05,0.79,,,,"$23,434,155"
2019,Illinois,Big Ten,6,7,0.462,4,5,0.444,26.7,26.2,-0.08,0.61,,,,"$26,687,668"
2020,Illinois,Big Ten,2,6,0.25,2,6,0.25,20.1,34.9,-6.39,4.36,,,,"$21,381,419"
2021,Illinois,Big Ten,5,7,0.417,4,5,0.444,20.2,21.9,2.2,4.61,,,,"$29,035,739"
2022,Illinois,Big Ten,8,5,0.615,5,4,0.556,24.2,12.8,10.01,1.17,,14,,"$35,166,057"
2017,Indiana,Big Ten,5,7,0.417,2,7,0.222,26.8,25.3,4.74,4.9,,,,"$24,519,779"
2018,Indiana,Big Ten,5,7,0.417,2,7,0.222,26.4,29.9,2.44,5.61,,,,"$24,377,368"
2019,Indiana,Big Ten,8,5,0.615,5,4,0.556,31.8,24.4,5.79,1.49,,24,,"$29,551,780"
2020,Indiana,Big Ten,6,2,0.75,6,1,0.857,28.9,20.3,13.71,4.46,,7,12,"$23,938,872"
2021,Indiana,Big Ten,2,10,0.167,0,9,0,17.3,33.3,-4.7,8.63,17,17,,"$31,835,580"
2022,Indiana,Big Ten,4,8,0.333,2,7,0.222,23.3,33.9,-3.05,5.03,,,,"$34,163,990"
2017,Iowa,Big Ten,8,5,0.615,4,5,0.444,28.2,19.9,14.66,8.74,,25,,"$33,242,804"
2018,Iowa,Big Ten,9,4,0.692,5,4,0.556,31.2,17.8,13.14,3.29,,18,25,"$37,782,218"
2019,Iowa,Big Ten,10,3,0.769,6,3,0.667,25.8,14,14.6,4.44,20,14,15,"$41,838,056"
2020,Iowa,Big Ten,6,2,0.75,6,2,0.75,31.8,16,13.77,1.77,24,16,16,"$29,686,991"
2021,Iowa,Big Ten,10,4,0.714,7,2,0.778,23.4,19.2,9.45,5.1,18,2,23,"$49,396,133"
2022,Iowa,Big Ten,8,5,0.615,5,4,0.556,17.7,13.3,7.91,2.29,,,,"$45,560,483"
2017,Iowa State,Big 12,8,5,0.615,5,4,0.556,29.2,20.9,9.77,3.85,,14,,"$23,844,836"
2018,Iowa State,Big 12,8,5,0.615,6,3,0.667,26.8,22.9,7.78,4.01,,18,,"$27,246,224"
2019,Iowa State,Big 12,7,6,0.538,5,4,0.556,32.2,25.9,7.92,4.53,21,21,,"$29,708,542"
2020,Iowa State,Big 12,9,3,0.75,8,1,0.889,32.9,21.4,13.93,5.43,23,8,9,"$24,085,630"
2021,Iowa State,Big 12,7,6,0.538,5,4,0.556,31.3,20.5,9.08,3.16,7,7,,"$28,664,216"
2022,Iowa State,Big 12,4,8,0.333,1,8,0.111,20.2,20.3,5.71,6.37,,,,"$27,779,324"
2017,Kansas,Big 12,1,11,0.083,0,9,0,18.7,43.4,-12.35,4.23,,,,"$19,724,816"
2018,Kansas,Big 12,3,9,0.25,1,8,0.111,23.8,30,-4.86,2.14,,,,"$25,325,278"
2019,Kansas,Big 12,3,9,0.25,1,8,0.111,23.5,36.1,-5.73,3.19,,,,"$21,961,195"
2020,Kansas,Big 12,0,9,0,0,8,0,15.8,46,-13.53,7.25,,,,"$19,661,307"
2021,Kansas,Big 12,2,10,0.167,1,8,0.111,20.8,42.2,-11.12,3.47,,,,"$21,282,124"
2022,Kansas,Big 12,6,7,0.462,3,6,0.333,35.6,35.5,6.27,6.58,,19,,"$28,183,467"
2017,Kansas State,Big 12,8,5,0.615,5,4,0.556,32.3,25.2,5.84,1.07,20,18,,"$19,996,794"
2018,Kansas State,Big 12,5,7,0.417,3,6,0.333,22.5,25.4,1.39,3.47,,,,"$28,123,254"
2019,Kansas State,Big 12,8,5,0.615,5,4,0.556,29.6,21.4,7.02,2.64,,20,,"$27,385,808"
2020,Kansas State,Big 12,4,6,0.4,4,5,0.444,26.6,32.2,-0.01,4.5,,16,,"$17,527,638"
2021,Kansas State,Big 12,8,5,0.615,4,5,0.444,27.5,21,9.12,2.43,,25,,"$24,148,400"
2022,Kansas State,Big 12,10,4,0.714,7,2,0.778,32.3,21.9,16.16,7.95,,11,14,"$27,667,208"
2017,Kent State,MAC,2,10,0.167,1,7,0.125,12.8,35.1,-17.66,-1.75,,,,"$6,451,161"
2018,Kent State,MAC,2,10,0.167,1,7,0.125,23.9,36.7,-15.05,-3.64,,,,"$6,450,495"
2019,Kent State,MAC,7,6,0.538,5,3,0.625,29.2,31.8,-4.19,-3.73,,,,"$6,952,057"
2020,Kent State,MAC,3,1,0.75,3,1,0.75,49.8,38,7.02,-0.74,,,,"$3,099,501"
2021,Kent State,MAC,7,7,0.5,6,2,0.75,33,36.3,-7.88,-3.45,,,,"$7,652,575"
2022,Kent State,MAC,5,7,0.417,4,4,0.5,28.4,29,-5.38,-2.22,,,,"$9,196,141"
2017,Kentucky,SEC,7,6,0.538,4,4,0.5,25.5,28.2,1.3,2.92,,,,"$26,057,927"
2018,Kentucky,SEC,10,3,0.769,5,3,0.625,26.6,16.8,12.06,4.37,,11,12,"$30,279,735"
2019,Kentucky,SEC,8,5,0.615,3,5,0.375,27.2,19.3,5.92,0.15,,,,"$29,925,733"
2020,Kentucky,SEC,5,6,0.455,4,6,0.4,21.8,25.9,6.12,6.94,,23,,"$24,684,438"
2021,Kentucky,SEC,10,3,0.769,5,3,0.625,32.3,21.7,8.73,0.5,,11,18,"$36,465,661"
2022,Kentucky,SEC,7,6,0.538,3,5,0.375,20.4,19.2,6.05,4.74,20,7,,"$39,727,787"
2017,Louisiana,Sun Belt,5,7,0.417,4,4,0.5,28.2,40,-15.51,-8.35,,,,"$10,128,127"
2018,Louisiana,Sun Belt,7,7,0.5,5,3,0.625,31.9,34.2,-2.46,-2.32,,,,"$11,365,380"
2019,Louisiana,Sun Belt,11,3,0.786,7,1,0.875,37.9,19.7,8.68,-3.25,,,,"$11,949,900"
2020,Louisiana,Sun Belt,10,1,0.909,7,1,0.875,33.6,22,7.75,-2.25,,15,15,"$11,585,776"
2021,Louisiana,Sun Belt,13,1,0.929,8,0,1,31.1,18.5,6.32,-4.82,23,16,16,"$14,016,582"
2022,Louisiana,Sun Belt,6,7,0.462,4,4,0.5,26.2,22.8,-0.5,-3.19,,,,"$13,444,588"
2017,Louisiana Tech,CUSA,7,6,0.538,4,4,0.5,30.5,25.4,-2.44,-5.98,,,,"$7,964,218"
2018,Louisiana Tech,CUSA,8,5,0.615,5,3,0.625,24.7,23,-4.78,-6.7,,,,"$8,246,888"
2019,Louisiana Tech,CUSA,10,3,0.769,6,2,0.75,32.5,21.8,-1.05,-9.51,,,,"$7,834,080"
2020,Louisiana Tech,CUSA,5,5,0.5,4,2,0.667,26.7,34.7,-8.34,-4.24,,,,"$7,025,526"
2021,Louisiana Tech,CUSA,3,9,0.25,2,6,0.25,28,34,-9.73,-2.98,,,,"$9,612,615"
2022,Louisiana Tech,CUSA,3,9,0.25,2,6,0.25,29,37.9,-12.66,-4.5,,,,"$10,798,923"
2017,Louisiana-Monroe,Sun Belt,4,8,0.333,4,4,0.5,33.9,41,-10.88,-4.88,,,,"$5,616,439"
2018,Louisiana-Monroe,Sun Belt,6,6,0.5,4,4,0.5,26.6,31.8,-5.5,-4.42,,,,"$5,814,314"
2019,Louisiana-Monroe,Sun Belt,5,7,0.417,4,4,0.5,31.6,38.7,-4.92,-1.26,,,,"$6,312,716"
2020,Louisiana-Monroe,Sun Belt,0,10,0,0,7,0,16.3,42,-23.67,-2.87,,,,"$6,518,946"
2021,Louisiana-Monroe,Sun Belt,4,8,0.333,2,6,0.25,20.9,33.5,-9.82,-1.99,,,,"$7,383,496"
2022,Louisiana-Monroe,Sun Belt,4,8,0.333,3,5,0.375,22.3,34.4,-7.81,-0.64,,,,"$7,373,106"
2017,Louisville,ACC,8,5,0.615,4,4,0.5,38.1,27.4,9.67,3.75,16,14,,"$26,435,741"
2018,Louisville,ACC,2,10,0.167,0,8,0,19.8,44.1,-9.84,5.41,,,,"$46,431,134"
2019,Louisville,ACC,8,5,0.615,5,3,0.625,33.1,33.4,3.09,2.55,,,,"$26,694,575"
2020,Louisville,ACC,4,7,0.364,3,7,0.3,29.5,26.6,-0.78,-1.87,,18,,"$23,075,716"
2021,Louisville,ACC,6,7,0.462,4,4,0.5,31.6,27.3,4.03,2.88,,,,"$34,994,933"
2022,Louisville,ACC,8,5,0.615,4,4,0.5,26.9,19.2,10.44,4.59,,,,"$33,215,961"
2017,LSU,SEC,9,4,0.692,6,2,0.75,27.2,18.9,11.77,3.93,13,12,18,"$31,561,996"
2018,LSU,SEC,10,3,0.769,5,3,0.625,32.4,21.8,15.2,5.67,25,4,6,"$35,319,160"
2019,LSU,SEC,15,0,1,8,0,1,48.4,21.9,25.8,6.6,6,1,1,"$41,403,966"
2020,LSU,SEC,5,5,0.5,5,5,0.5,32,34.9,6.64,7.54,6,6,,"$30,822,136"
2021,LSU,SEC,6,7,0.462,3,5,0.375,26.5,26.6,4.74,5.28,16,16,,"$59,384,456"
2022,LSU,SEC,10,4,0.714,6,2,0.75,34.5,22.5,13.29,6.14,,6,16,"$51,594,352"
2017,Marshall,CUSA,8,5,0.615,4,4,0.5,26.7,19.9,-1.13,-6.44,,,,"$9,616,855"
2018,Marshall,CUSA,9,4,0.692,6,2,0.75,28.2,21.8,0.69,-5.92,,,,"$9,831,811"
2019,Marshall,CUSA,8,5,0.615,6,2,0.75,25.8,25,-0.54,-2.38,,,,"$10,186,793"
2020,Marshall,CUSA,7,3,0.7,4,1,0.8,28.5,13,3.3,-6.6,,15,,"$10,188,633"
2021,Marshall,CUSA,7,6,0.538,5,3,0.625,33,23.8,2.37,-3.17,,,,"$13,140,205"
2022,Marshall,Sun Belt,9,4,0.692,5,3,0.625,24.5,16,2.36,-3.95,,,,"$14,791,316"
2017,Maryland,Big Ten,4,8,0.333,2,7,0.222,24.1,37.1,1.03,9.78,,,,"$19,881,239"
2018,Maryland,Big Ten,5,7,0.417,3,6,0.333,28.5,28.7,2.88,4.63,,,,"$28,507,867"
2019,Maryland,Big Ten,3,9,0.25,1,8,0.111,25.3,34.7,-3.18,4.57,,21,,"$21,391,499"
2020,Maryland,Big Ten,2,3,0.4,2,3,0.4,23.6,32,0.49,5.29,,,,"$20,498,932"
2021,Maryland,Big Ten,7,6,0.538,3,6,0.333,29.3,30.7,3.44,4.36,,,,"$30,801,233"
2022,Maryland,Big Ten,8,5,0.615,4,5,0.444,28.2,23.2,6.68,3.06,,,,"$33,999,400"
2017,Massachusetts,Ind,4,8,0.333,,,,30.6,31.8,-9.36,-7.03,,,,"$10,022,417"
2018,Massachusetts,Ind,4,8,0.333,,,,32.8,42.9,-11.06,-2.81,,,,"$10,347,535"
2019,Massachusetts,Ind,1,11,0.083,,,,19.8,52.7,-29.95,-8.87,,,,"$10,196,068"
2020,Massachusetts,Ind,0,4,0,,,,3,40.3,-24.68,-1.18,,,,"$8,366,531"
2021,Massachusetts,Ind,1,11,0.083,,,,16.3,43.1,-21.27,-4.02,,,,"$10,714,987"
2022,Massachusetts,Ind,1,11,0.083,,,,12.5,31.1,-19.26,-4.34,,,,"$11,223,566"
2017,Memphis,American,10,3,0.769,7,1,0.875,45.5,32.5,8.52,-0.79,,16,25,"$17,649,942"
2018,Memphis,American,8,6,0.571,5,3,0.625,42.9,31.9,2.27,-3.88,,,,"$17,926,806"
2019,Memphis,American,12,2,0.857,7,1,0.875,40.4,26.4,13.66,2.09,,15,17,"$20,831,437"
2020,Memphis,American,8,3,0.727,5,3,0.625,31,27.9,-1.29,-5.56,,16,,"$14,776,809"
2021,Memphis,American,6,6,0.5,3,5,0.375,30.1,29.3,-1.36,-1.94,,,,"$18,147,486"
2022,Memphis,American,7,6,0.538,3,5,0.375,35.3,26,4.14,-1.17,,,,"$20,020,828"
2017,Miami (OH),MAC,5,7,0.417,4,4,0.5,24.4,24.1,-6.04,-6.21,,,,"$8,842,467"
2018,Miami (OH),MAC,6,6,0.5,6,2,0.75,28.1,25.5,-0.73,-2.73,,,,"$9,273,204"
2019,Miami (OH),MAC,8,6,0.571,6,2,0.75,24.1,28.1,-3.03,-1.67,,,,"$9,311,201"
2020,Miami (OH),MAC,2,1,0.667,2,1,0.667,28.7,26.7,11.41,9.08,,,,"$7,293,116"
2021,Miami (OH),MAC,7,6,0.538,5,3,0.625,28.9,23.1,-0.49,-4.42,,,,"$10,362,801"
2022,Miami (OH),MAC,6,7,0.462,4,4,0.5,20.2,22.6,-8.32,-6.32,,,,"$9,527,038"
2017,Michigan,Big Ten,8,5,0.615,5,4,0.556,25.2,18.8,13.44,6.98,11,7,,"$43,453,382"
2018,Michigan,Big Ten,10,3,0.769,8,1,0.889,35.2,19.4,16.47,5.47,14,4,14,"$47,430,575"
2019,Michigan,Big Ten,9,4,0.692,6,3,0.667,31.7,20.7,15.5,7.88,7,7,18,"$44,684,585"
2020,Michigan,Big Ten,2,4,0.333,2,4,0.333,28.3,34.5,-1.25,3.25,16,13,,"$37,380,521"
2021,Michigan,Big Ten,12,2,0.857,8,1,0.889,35.8,17.4,19.8,6.23,,2,3,"$52,408,535"
2022,Michigan,Big Ten,13,1,0.929,9,0,1,40.4,16.1,20.59,2.73,8,2,3,"$67,845,879"
2017,Michigan State,Big Ten,10,3,0.769,7,2,0.778,24.5,20,13.83,7.68,,13,15,"$38,055,535"
2018,Michigan State,Big Ten,7,6,0.538,5,4,0.556,18.7,17.2,6.01,5.08,11,11,,"$37,310,953"
2019,Michigan State,Big Ten,7,6,0.538,4,5,0.444,22.4,22.5,6.06,5.6,18,18,,"$48,899,016"
2020,Michigan State,Big Ten,2,5,0.286,2,5,0.286,18,35.1,-2.93,8.79,,,,"$28,259,575"
2021,Michigan State,Big Ten,11,2,0.846,7,2,0.778,31.8,25.3,14.41,5.26,,5,9,"$51,227,199"
2022,Michigan State,Big Ten,5,7,0.417,3,6,0.333,24.4,27.4,0.98,5.48,15,11,,"$53,502,288"
2017,Middle Tennessee,CUSA,7,6,0.538,4,4,0.5,25.5,24.7,-6.48,-6.86,,,,"$10,532,121"
2018,Middle Tennessee,CUSA,8,6,0.571,7,1,0.875,28,26.7,0.65,-1.85,,,,"$10,290,628"
2019,Middle Tennessee,CUSA,4,8,0.333,3,5,0.375,26.3,29.9,-6.11,-2.69,,,,"$10,195,755"
2020,Middle Tennessee,CUSA,3,6,0.333,2,4,0.333,22.9,35.4,-15.36,-6.25,,,,"$8,995,568"
2021,Middle Tennessee,CUSA,7,6,0.538,4,4,0.5,29.8,25.7,-3.73,-5.5,,,,"$10,633,591"
2022,Middle Tennessee,CUSA,8,5,0.615,4,4,0.5,28.8,27.7,-5.82,-6.97,,,,"$11,697,127"
2017,Minnesota,Big Ten,5,7,0.417,2,7,0.222,22.1,22.8,3.36,4.78,,,,"$29,950,685"
2018,Minnesota,Big Ten,7,6,0.538,3,6,0.333,28.9,26.5,5.28,4.05,,,,"$34,510,904"
2019,Minnesota,Big Ten,11,2,0.846,7,2,0.778,34.1,22.5,11.73,2.11,,7,10,"$36,049,362"
2020,Minnesota,Big Ten,3,4,0.429,3,4,0.429,27.3,30.1,-1.32,2.1,19,19,,"$25,887,683"
2021,Minnesota,Big Ten,9,4,0.692,6,3,0.667,25.5,17.3,10.17,2.94,,,,"$40,749,035"
2022,Minnesota,Big Ten,9,4,0.692,5,4,0.556,28.2,13.8,8.48,-0.21,,21,,"$42,194,127"
2017,Mississippi State,SEC,9,4,0.692,4,4,0.5,32,20.9,11.85,3.85,,16,19,"$23,226,169"
2018,Mississippi State,SEC,8,5,0.615,4,4,0.5,28.5,13.2,13.24,5.93,18,14,,"$24,026,196"
2019,Mississippi State,SEC,6,7,0.462,3,5,0.375,27.6,28.8,4.87,5.95,,,,"$30,506,616"
2020,Mississippi State,SEC,4,7,0.364,3,7,0.3,21.4,28.1,3.94,8.67,,16,,"$22,941,019"
2021,Mississippi State,SEC,7,6,0.538,4,4,0.5,29.1,25.9,5.01,3.48,,,,"$29,095,668"
2022,Mississippi State,SEC,9,4,0.692,4,4,0.5,31.6,23.1,11.84,5.3,,16,20,"$32,951,736"
2017,Missouri,SEC,7,6,0.538,4,4,0.5,37.5,31.8,4.28,1.44,,,,"$23,659,474"
2018,Missouri,SEC,8,5,0.615,4,4,0.5,36.6,25.5,13.14,5.75,,24,,"$23,852,138"
2019,Missouri,SEC,6,6,0.5,3,5,0.375,25.3,19.4,2.88,0.46,,22,,"$28,644,935"
2020,Missouri,SEC,5,5,0.5,5,5,0.5,26.7,32.3,1.92,7.32,,,,"$24,080,442"
2021,Missouri,SEC,6,7,0.462,3,5,0.375,29.1,33.8,0.37,3.22,,,,"$32,808,146"
2022,Missouri,SEC,6,7,0.462,3,5,0.375,24.8,25.2,4.95,4.49,,,,"$36,326,859"
2017,Navy,American,7,6,0.538,4,4,0.5,30.5,26.3,5.69,2.69,,25,,"$12,781,988"
2020,Navy,American,3,7,0.3,3,4,0.429,16.6,30.3,-10.08,-0.88,,,,"$9,394,603"
2022,Navy,American,4,8,0.333,4,4,0.5,21.9,24.3,-2.56,0.94,,,,"$15,367,461"
2017,NC State,ACC,9,4,0.692,6,2,0.75,32.2,25.2,12.17,5.55,,14,23,"$23,852,213"
2018,NC State,ACC,9,4,0.692,5,3,0.625,33.8,24.9,6.8,0.49,,16,,"$25,134,249"
2019,NC State,ACC,4,8,0.333,1,7,0.125,22.1,30.1,-7.82,-0.91,,,,"$24,254,256"
2020,NC State,ACC,8,4,0.667,7,3,0.7,30.3,29.2,0.35,-1.57,,23,,"$21,716,372"
2021,NC State,ACC,9,3,0.75,6,2,0.75,33.1,19.7,10.22,0.39,,18,20,"$31,884,539"
2022,NC State,ACC,8,5,0.615,4,4,0.5,24.3,19.2,6.75,3.36,13,10,,"$33,603,791"
2017,Nebraska,Big Ten,4,8,0.333,3,6,0.333,25.8,36.4,1.52,8.18,,,,"$47,856,339"
2018,Nebraska,Big Ten,4,8,0.333,3,6,0.333,30,31.3,3.48,4.82,,,,"$36,394,252"
2019,Nebraska,Big Ten,5,7,0.417,3,6,0.333,28,27.8,2.67,4,24,24,,"$33,222,111"
2020,Nebraska,Big Ten,3,5,0.375,3,5,0.375,23.1,29.4,0.14,5.14,,,,"$24,597,327"
2021,Nebraska,Big Ten,3,9,0.25,1,8,0.111,27.9,22.7,7.1,6.6,,,,"$35,006,033"
2022,Nebraska,Big Ten,4,8,0.333,3,6,0.333,22.6,27.6,-2.14,2.11,,,,"$72,796,239"
2017,Nevada,MWC,3,9,0.25,3,5,0.375,28.2,33.9,-9.25,-2,,,,"$10,037,079"
2018,Nevada,MWC,8,5,0.615,5,3,0.625,31.1,26.9,-1.62,-3.78,,,,"$10,710,232"
2019,Nevada,MWC,7,6,0.538,4,4,0.5,21.3,31.9,-8.64,-4.8,,,,"$10,569,596"
2020,Nevada,MWC,7,2,0.778,6,2,0.75,30.8,23.3,0.45,-7.1,,,,"$9,262,434"
2021,Nevada,MWC,8,5,0.615,5,3,0.625,35.7,26.5,3.47,-1.99,,,,"$12,544,274"
2022,Nevada,MWC,2,10,0.167,0,8,0,18.8,30.9,-15.62,-5.04,,,,"$13,222,438"
2017,New Mexico,MWC,3,9,0.25,1,7,0.125,20.7,31.8,-10.38,-2.38,,,,"$9,870,786"
2018,New Mexico,MWC,3,9,0.25,1,7,0.125,26.6,36.2,-11.3,-3.21,,,,"$9,804,702"
2019,New Mexico,MWC,2,10,0.167,0,8,0,22.3,37.2,-13.7,-2.2,,,,"$10,566,654"
2020,New Mexico,MWC,2,5,0.286,2,5,0.286,23.9,32.6,-11.71,-4.28,,,,"$9,317,134"
2021,New Mexico,MWC,3,9,0.25,1,7,0.125,12.2,28.4,-14.33,-1.08,,,,"$10,192,230"
2022,New Mexico,MWC,2,10,0.167,0,8,0,13.1,26,-16.09,-4.26,,,,"$11,495,336"
2017,New Mexico State,Sun Belt,7,6,0.538,4,4,0.5,29.3,29.7,-8.69,-8.3,,,,"$7,626,067"
2018,New Mexico State,Ind,3,9,0.25,,,,25.3,41.3,-17.59,-5.84,,,,"$8,651,297"
2019,New Mexico State,Ind,2,10,0.167,,,,21.7,41,-16.86,-3.78,,,,"$9,266,793"
2020,New Mexico State,Ind,1,1,0.5,,,,26.5,36,-27.68,-19.18,,,,"$6,579,481"
2021,New Mexico State,Ind,2,10,0.167,,,,22.6,40.4,-16.29,-2.87,,,,"$10,777,169"
2022,New Mexico State,Ind,7,6,0.538,,,,25.5,23.9,-8.33,-9.56,,,,"$14,283,823"
2017,North Carolina,ACC,3,9,0.25,1,7,0.125,26,31.3,-1.82,4.1,,,,"$21,251,447"
2018,North Carolina,ACC,2,9,0.182,1,7,0.125,27.4,34.5,-4.75,1.7,,,,"$23,414,064"
2019,North Carolina,ACC,7,6,0.538,4,4,0.5,33.1,23.7,6.38,1.22,,,,"$30,648,706"
2020,North Carolina,ACC,8,4,0.667,7,3,0.7,41.7,29.4,7.03,-1.55,18,5,18,"$30,231,779"
2021,North Carolina,ACC,6,7,0.462,3,5,0.375,35.2,32.1,3.77,2.15,10,10,,"$34,451,491"
2022,North Carolina,ACC,9,5,0.643,6,2,0.75,34.4,30.8,5.52,1.95,,13,,"$44,509,367"
2017,North Texas,CUSA,9,5,0.643,7,1,0.875,35.5,35,-3.6,-4.1,,,,"$13,705,067"
2018,North Texas,CUSA,9,4,0.692,5,3,0.625,34.6,24.2,0.58,-8.42,,,,"$11,692,603"
2019,North Texas,CUSA,4,8,0.333,3,5,0.375,30.6,32.5,-9.47,-6.3,,,,"$10,748,869"
2020,North Texas,CUSA,4,6,0.4,3,4,0.429,34.4,42.8,-14.8,-8.9,,,,"$10,116,257"
2021,North Texas,CUSA,6,7,0.462,5,3,0.625,27.5,27.5,-4.51,-4.13,,,,"$11,258,739"
2022,North Texas,CUSA,7,7,0.5,6,2,0.75,33.8,31.7,-2.71,-4.21,,,,"$14,515,382"
2017,Northern Illinois,MAC,8,5,0.615,6,2,0.75,28.9,22,0.91,-4.32,,,,"$8,691,898"
2018,Northern Illinois,MAC,8,6,0.571,6,2,0.75,20.1,22.6,-1.92,-0.92,,,,"$9,040,241"
2019,Northern Illinois,MAC,5,7,0.417,4,4,0.5,22.8,28.2,-10.01,-5.68,,,,"$7,358,508"
2020,Northern Illinois,MAC,0,6,0,0,6,0,24.8,38.7,-1.53,12.14,,,,"$5,552,694"
2021,Northern Illinois,MAC,9,5,0.643,6,2,0.75,32.2,33.7,-1.18,-3.04,,,,"$8,153,654"
2022,Northern Illinois,MAC,3,9,0.25,2,6,0.25,27.3,32.8,-11.86,-6.44,,,,"$7,930,687"
2017,Ohio,MAC,9,4,0.692,5,3,0.625,39.1,24.2,1.99,-6.78,,,,"$9,292,142"
2018,Ohio,MAC,9,4,0.692,6,2,0.75,40.1,24.6,4.51,-5.95,,,,"$9,935,951"
2019,Ohio,MAC,7,6,0.538,5,3,0.625,34.3,26.5,-2.7,-6.32,,,,"$9,675,733"
2020,Ohio,MAC,2,1,0.667,2,1,0.667,34.3,16.7,4.28,-6.06,,,,"$6,976,935"
2021,Ohio,MAC,3,9,0.25,3,5,0.375,22.6,30.3,-12.73,-5.48,,,,"$10,152,483"
2022,Ohio,MAC,10,4,0.714,7,1,0.875,31.8,28.3,-0.34,-5.91,,,,"$11,203,764"
2017,Ohio State,Big Ten,12,2,0.857,8,1,0.889,41.1,19,21.82,7.89,2,2,5,"$46,076,280"
2018,Ohio State,Big Ten,13,1,0.929,8,1,0.889,42.4,25.5,17.74,4.1,5,2,3,"$60,076,743"
2019,Ohio State,Big Ten,13,1,0.929,9,0,1,46.9,13.7,27.39,7.32,5,2,3,"$52,616,230"
2020,Ohio State,Big Ten,7,1,0.875,5,0,1,41,25.8,21.37,8.99,2,2,2,"$45,176,547"
2021,Ohio State,Big Ten,11,2,0.846,8,1,0.889,45.7,22.8,19.53,5.53,4,2,6,"$69,127,911"
2022,Ohio State,Big Ten,11,2,0.846,8,1,0.889,44.2,21,19.82,5.2,2,2,4,"$72,382,343"
2017,Oklahoma,Big 12,12,2,0.857,8,1,0.889,45.1,27.1,19.05,5.26,7,2,3,"$39,820,566"
2018,Oklahoma,Big 12,12,2,0.857,8,1,0.889,48.4,33.3,18.06,6.14,7,4,4,"$42,752,259"
2019,Oklahoma,Big 12,12,2,0.857,8,1,0.889,42.1,27.3,15.79,4.36,4,4,7,"$41,455,784"
2020,Oklahoma,Big 12,9,2,0.818,6,2,0.75,43,21.7,17.62,3.71,5,3,6,"$38,210,376"
2021,Oklahoma,Big 12,11,2,0.846,7,2,0.778,39.1,25.8,11.75,2.68,2,2,10,"$49,555,763"
2022,Oklahoma,Big 12,6,7,0.462,3,6,0.333,32.8,30,8.52,6.37,9,6,,"$57,968,084"
2017,Oklahoma State,Big 12,10,3,0.769,6,3,0.667,45,29.4,13.09,3.02,10,6,14,"$22,467,863"
2018,Oklahoma State,Big 12,7,6,0.538,3,6,0.333,38.4,32.5,6.82,3.67,,15,,"$24,289,694"
2019,Oklahoma State,Big 12,8,5,0.615,5,4,0.556,32.5,26.8,7.39,3.46,,21,,"$24,398,875"
2020,Oklahoma State,Big 12,8,3,0.727,6,3,0.667,30.2,23.5,10.46,4.92,15,6,20,"$18,693,885"
2021,Oklahoma State,Big 12,12,2,0.857,8,1,0.889,31.1,18.1,14.57,4.42,,5,7,"$29,271,573"
2022,Oklahoma State,Big 12,7,6,0.538,4,5,0.444,30.6,28.9,5.16,4.47,12,7,,"$31,583,888"
2017,Old Dominion,CUSA,5,7,0.417,3,5,0.375,20.7,31.7,-13.95,-6.53,,,,"$10,694,948"
2018,Old Dominion,CUSA,4,8,0.333,2,6,0.25,30.8,35.9,-12.87,-6.79,,,,"$11,415,018"
2019,Old Dominion,CUSA,1,11,0.083,0,8,0,16.3,29.8,-17.12,-4.2,,,,"$12,279,870"
2020,Old Dominion,CUSA,0,0,,,,,,,,,,,,"$8,820,593"
2021,Old Dominion,CUSA,6,7,0.462,5,3,0.625,27.6,27.8,-5.01,-4.39,,,,"$12,518,823"
2022,Old Dominion,Sun Belt,3,9,0.25,2,6,0.25,19.5,26.6,-8.35,-1.85,,,,"$13,745,844"
2017,Ole Miss,SEC,6,6,0.5,3,5,0.375,32.8,34.6,2.78,1.44,,,,"$35,377,133"
2018,Ole Miss,SEC,5,7,0.417,1,7,0.125,33.9,36.2,2.81,4.39,,,,"$37,790,720"
2019,Ole Miss,SEC,4,8,0.333,2,6,0.25,26.6,26.5,2.24,3.82,,,,"$44,375,627"
2020,Ole Miss,SEC,5,5,0.5,4,5,0.444,39.2,38.3,8.07,7.57,,,,"$38,313,502"
2021,Ole Miss,SEC,10,3,0.769,6,2,0.75,33.7,24.7,11.43,4.05,,8,11,"$55,107,688"
2022,Ole Miss,SEC,8,5,0.615,4,4,0.5,33.5,25.5,8.36,4.05,21,7,,"$60,203,672"
2017,Oregon,Pac-12,7,6,0.538,4,5,0.444,36,29,4.66,1.89,,24,,"$27,875,265"
2018,Oregon,Pac-12,9,4,0.692,5,4,0.556,34.8,25.4,6.67,-0.49,24,12,,"$34,724,839"
2019,Oregon,Pac-12,12,2,0.857,8,1,0.889,35.4,16.5,17.02,3.6,11,5,5,"$32,734,039"
2020,Oregon,Pac-12,4,3,0.571,3,2,0.6,31.3,28.3,0.81,-1.77,9,9,,"$24,569,707"
2021,Oregon,Pac-12,10,4,0.714,7,2,0.778,31.4,27,6.22,1.93,11,3,22,"$40,726,930"
2022,Oregon,Pac-12,10,3,0.769,7,2,0.778,38.8,27.4,13.44,3.67,11,6,15,"$42,911,990"
2017,Oregon State,Pac-12,1,11,0.083,0,9,0,20.7,43,-13.57,3.27,,,,"$17,323,269"
2018,Oregon State,Pac-12,2,10,0.167,1,8,0.111,26.1,45.7,-10.86,3.56,,,,"$20,107,059"
2019,Oregon State,Pac-12,5,7,0.417,4,5,0.444,31.2,32.5,2.01,3.18,,,,"$21,931,124"
2020,Oregon State,Pac-12,2,5,0.286,2,5,0.286,28.9,33.3,-7.27,-2.98,,,,"$15,023,170"
2021,Oregon State,Pac-12,7,6,0.538,5,4,0.556,31.2,25.8,4.16,0.09,,,,"$22,272,842"
2022,Oregon State,Pac-12,10,3,0.769,6,3,0.667,32.2,20,12.64,2.33,,16,17,"$26,351,151"
2017,Penn State,Big Ten,11,2,0.846,7,2,0.778,41.1,16.5,21.62,6.31,6,2,8,"$45,219,641"
2018,Penn State,Big Ten,9,4,0.692,6,3,0.667,33.8,20.5,12.32,4.86,10,8,17,"$46,240,016"
2019,Penn State,Big Ten,11,2,0.846,7,2,0.778,35.8,16,17.34,4.88,15,5,9,"$48,768,610"
2020,Penn State,Big Ten,4,5,0.444,4,5,0.444,29.8,27.7,4.22,3.99,7,7,,"$36,069,157"
2021,Penn State,Big Ten,7,6,0.538,4,5,0.444,25,17.3,11.22,5.53,19,4,,"$57,627,338"
2022,Penn State,Big Ten,11,2,0.846,7,2,0.778,35.8,18.2,17.56,4.02,,7,7,"$62,719,789"
2017,Purdue,Big Ten,7,6,0.538,4,5,0.444,25.2,20.5,9.74,6.21,,,,"$27,230,929"
2018,Purdue,Big Ten,6,7,0.462,5,4,0.556,30.5,30,7.04,6.51,,,,"$27,342,141"
2019,Purdue,Big Ten,4,8,0.333,3,6,0.333,25.8,30.6,-0.52,4.15,,,,"$23,815,344"
2020,Purdue,Big Ten,2,4,0.333,2,4,0.333,27.2,29.8,-0.18,2.66,,,,"$18,822,482"
2021,Purdue,Big Ten,9,4,0.692,6,3,0.667,29.1,22.4,10.58,5.81,,25,,"$24,857,827"
2022,Purdue,Big Ten,8,6,0.571,6,3,0.667,26.6,27.4,3.62,4.12,,,,"$31,441,226"
2017,Rutgers,Big Ten,4,8,0.333,3,6,0.333,18,28.3,-2.27,6.15,,,,"$26,868,608"
2018,Rutgers,Big Ten,1,11,0.083,0,9,0,13.5,31.4,-9.65,4.1,,,,"$27,084,872"
2019,Rutgers,Big Ten,2,10,0.167,0,9,0,13.3,36.7,-11.16,4.93,,,,"$33,400,119"
2020,Rutgers,Big Ten,3,6,0.333,3,6,0.333,26.7,32.1,-2.38,3.18,,,,"$33,122,635"
2021,Rutgers,Big Ten,5,8,0.385,2,7,0.222,19.7,25.6,-1.32,4.06,,,,"$43,644,477"
2022,Rutgers,Big Ten,4,8,0.333,1,8,0.111,17.4,29.3,-5.09,3.74,,,,"$49,499,164"
2017,San Diego State,MWC,10,3,0.769,6,2,0.75,30.8,20.2,5.05,-3.87,,19,,"$15,529,111"
2018,San Diego State,MWC,7,6,0.538,4,4,0.5,20.6,22.2,-3.32,-1.94,,,,"$16,817,381"
2019,San Diego State,MWC,10,3,0.769,5,3,0.625,21.2,12.7,1.69,-5.85,,24,,"$16,899,563"
2020,San Diego State,MWC,4,4,0.5,4,2,0.667,24.6,17.8,0.43,-4.82,,,,"$11,029,428"
2021,San Diego State,MWC,12,2,0.857,7,1,0.875,27.4,19.8,6.38,-2.48,,19,25,"$18,452,448"
2022,San Diego State,MWC,7,6,0.538,5,3,0.625,21.5,20.5,-3.36,-4.36,,,,"$20,142,240"
2017,San Jose State,MWC,2,11,0.154,1,7,0.125,15.8,41.7,-18.4,-2.32,,,,"$9,538,124"
2018,San Jose State,MWC,1,11,0.083,1,7,0.125,21.3,36.6,-12.93,-0.68,,,,"$9,791,910"
2019,San Jose State,MWC,5,7,0.417,2,6,0.25,30.1,31.9,-6.08,-3.83,,,,"$10,287,260"
2020,San Jose State,MWC,7,1,0.875,6,0,1,28.6,19.9,7.05,-1.71,,19,24,"$10,988,493"
2021,San Jose State,MWC,5,7,0.417,3,5,0.375,20,26.5,-9.11,-3.19,,,,"$9,314,611"
2022,San Jose State,MWC,7,5,0.583,5,3,0.625,27.4,22,-3.92,-8.26,,,,"$10,883,256"
2017,South Alabama,Sun Belt,4,8,0.333,3,5,0.375,19.8,26.5,-11.71,-6.46,,,,"$10,325,814"
2018,South Alabama,Sun Belt,3,9,0.25,2,6,0.25,24.2,38.8,-13.56,-2.39,,,,"$10,549,047"
2019,South Alabama,Sun Belt,2,10,0.167,1,7,0.125,18.4,30.7,-12.28,-1.44,,,,"$8,746,725"
2020,South Alabama,Sun Belt,4,7,0.364,3,5,0.375,19.9,27.3,-9.83,-3.64,,,,"$11,842,985"
2021,South Alabama,Sun Belt,5,7,0.417,2,6,0.25,24.9,26.4,-6.56,-6.06,,,,"$13,046,697"
2022,South Alabama,Sun Belt,10,3,0.769,7,1,0.875,31.2,21.3,2.46,-5.46,,,,"$15,067,509"
2017,South Carolina,SEC,9,4,0.692,5,3,0.625,24.2,20.7,7.77,3.85,,,,"$33,317,644"
2018,South Carolina,SEC,7,6,0.538,4,4,0.5,30.1,27.2,7.34,5.88,,24,,"$36,606,779"
2019,South Carolina,SEC,4,8,0.333,3,5,0.375,22.4,26.1,1.34,7.34,,,,"$34,170,806"
2020,South Carolina,SEC,2,8,0.2,2,8,0.2,23.5,36,-3.38,7.42,,,,"$43,854,572"
2021,South Carolina,SEC,7,6,0.538,3,5,0.375,22.6,24,2.08,3.31,,,,"$37,272,775"
2022,South Carolina,SEC,8,5,0.615,4,4,0.5,32.2,28.8,7.71,4.17,,20,23,"$42,855,531"
2017,South Florida,American,10,2,0.833,6,2,0.75,38.3,23.5,7.27,-5.56,19,16,21,"$13,334,070"
2018,South Florida,American,7,6,0.538,3,5,0.375,28.5,32,-6.28,-3.74,,21,,"$16,696,552"
2019,South Florida,American,4,8,0.333,2,6,0.25,20.8,28.9,-3.26,2.16,,,,"$19,748,125"
2020,South Florida,American,1,8,0.111,0,7,0,23.1,39.9,-14.39,-1.28,,,,"$15,474,757"
2021,South Florida,American,2,10,0.167,1,7,0.125,23.2,34.7,-8.33,1.59,,,,"$18,695,340"
2022,South Florida,American,1,11,0.083,0,8,0,28,41.2,-10.11,1.97,,,,"$22,057,648"
2017,Southern Mississippi,CUSA,8,5,0.615,6,2,0.75,29.2,24.5,-5.49,-8.18,,,,"$7,410,263"
2018,Southern Mississippi,CUSA,6,5,0.545,5,3,0.625,26.2,19.8,-4.18,-7.36,,,,"$7,771,672"
2019,Southern Mississippi,CUSA,7,6,0.538,5,3,0.625,26.6,26.2,-2.9,-3.67,,,,"$8,441,224"
2020,Southern Mississippi,CUSA,3,7,0.3,2,4,0.333,25.3,32.3,-14.39,-7.79,,,,"$8,698,148"
2021,Southern Mississippi,CUSA,3,9,0.25,2,6,0.25,17.7,27.9,-13.12,-4.62,,,,"$8,697,292"
2022,Southern Mississippi,Sun Belt,7,6,0.538,4,4,0.5,25.3,23.5,-3.89,-3.81,,,,"$9,978,519"
2017,Tennessee,SEC,4,8,0.333,0,8,0,19.8,29.1,-3.18,3.41,25,23,,"$58,832,994"
2018,Tennessee,SEC,5,7,0.417,2,6,0.25,22.8,27.9,0.39,6.05,,,,"$52,739,842"
2019,Tennessee,SEC,8,5,0.615,5,3,0.625,24.2,21.7,5.13,2.74,,,,"$55,730,413"
2020,Tennessee,SEC,3,7,0.3,3,7,0.3,21.5,30.1,1.49,8.89,25,14,,"$45,899,235"
2021,Tennessee,SEC,7,6,0.538,4,4,0.5,39.3,29.1,7.97,3.5,,,,"$47,194,884"
2022,Tennessee,SEC,11,2,0.846,6,2,0.75,46.1,22.8,17.9,4.98,,2,6,"$59,112,823"
2017,Texas,Big 12,7,6,0.538,5,4,0.556,29.5,21.2,8.21,3.91,23,23,,"$40,936,348"
2018,Texas,Big 12,10,4,0.714,7,2,0.778,31.1,25.9,11.15,6.3,23,6,9,"$43,039,170"
2019,Texas,Big 12,8,5,0.615,5,4,0.556,35.2,27.5,12.18,5.8,10,9,25,"$41,849,062"
2020,Texas,Big 12,7,3,0.7,5,3,0.625,42.7,28.5,11.95,3.75,14,8,19,"$43,648,896"
2021,Texas,Big 12,5,7,0.417,3,6,0.333,35.3,31.1,5.11,4.86,21,15,,"$51,550,666"
2022,Texas,Big 12,8,5,0.615,6,3,0.667,34.5,21.6,15.92,8.16,,18,25,"$61,042,363"
2017,Texas A&M,SEC,7,6,0.538,4,4,0.5,32.7,30.7,3.36,3.05,,,,"$48,633,953"
2018,Texas A&M,SEC,9,4,0.692,5,3,0.625,36,25.3,13.61,7.15,,16,16,"$42,803,202"
2019,Texas A&M,SEC,8,5,0.615,4,4,0.5,29.5,22.5,10.02,5.09,12,12,,"$40,626,376"
2020,Texas A&M,SEC,9,1,0.9,8,1,0.889,32.6,21.7,16.24,6.44,13,4,4,"$36,655,978"
2021,Texas A&M,SEC,8,4,0.667,4,4,0.5,29.3,15.9,10.77,1.27,6,5,,"$46,083,050"
2022,Texas A&M,SEC,5,7,0.417,2,6,0.25,22.8,21.2,3.21,3.13,6,6,,"$53,994,534"
2017,Texas State,Sun Belt,2,10,0.167,1,7,0.125,17.3,33.6,-19.31,-7.31,,,,"$7,270,234"
2018,Texas State,Sun Belt,3,9,0.25,1,7,0.125,19.8,27.7,-14.5,-6.75,,,,"$10,332,550"
2019,Texas State,Sun Belt,3,9,0.25,2,6,0.25,18.4,32.6,-12.38,-1.29,,,,"$8,793,352"
2020,Texas State,Sun Belt,2,10,0.167,2,6,0.25,27.7,38.2,-9.93,-0.84,,,,"$8,954,823"
2021,Texas State,Sun Belt,4,8,0.333,3,5,0.375,23.1,33,-12.12,-5.7,,,,"$10,261,457"
2022,Texas State,Sun Belt,4,8,0.333,2,6,0.25,21.1,26.3,-10.04,-4.46,,,,"$13,047,752"
2017,Texas Tech,Big 12,6,7,0.462,3,6,0.333,34.3,32.2,3.01,4.01,,24,,"$29,439,201"
2018,Texas Tech,Big 12,5,7,0.417,3,6,0.333,37.3,31.1,5.09,3.76,,25,,"$30,371,142"
2019,Texas Tech,Big 12,4,8,0.333,2,7,0.222,30.5,30.3,-0.65,1.1,,,,"$29,303,767"
2020,Texas Tech,Big 12,4,6,0.4,3,6,0.333,29.1,36.7,-1.67,3.53,,,,"$27,570,003"
2021,Texas Tech,Big 12,7,6,0.538,3,6,0.333,30.3,30.2,2.57,2.26,,,,"$35,152,808"
2022,Texas Tech,Big 12,8,5,0.615,5,4,0.556,34.2,29.2,9.68,6.45,,,,"$43,970,198"
2017,Toledo,MAC,11,3,0.786,7,1,0.875,36.4,26.2,3.82,-5.04,,,,"$10,768,273"
2018,Toledo,MAC,7,6,0.538,5,3,0.625,40.4,30.5,-0.7,-5,,,,"$11,696,094"
2019,Toledo,MAC,6,6,0.5,3,5,0.375,27.3,32.2,-8.76,-5.26,,,,"$9,966,203"
2020,Toledo,MAC,4,2,0.667,4,2,0.667,35,24.3,12.44,3.94,,,,"$8,181,216"
2021,Toledo,MAC,7,6,0.538,5,3,0.625,33.4,21.8,0.28,-6.34,,,,"$10,959,679"
2022,Toledo,MAC,9,5,0.643,5,3,0.625,31.3,25.1,-0.4,-6.75,,,,"$11,776,278"
2020,Troy,Sun Belt,5,6,0.455,3,4,0.429,27.4,25.7,-2.24,-4.33,,,,"$8,294,767"
2021,Troy,Sun Belt,5,7,0.417,3,5,0.375,22.8,26.1,-7.53,-4.03,,,,"$10,648,072"
2022,Troy,Sun Belt,12,2,0.857,7,1,0.875,25.6,17.1,6.42,-2.51,,19,19,"$11,024,629"
2017,UAB,CUSA,8,5,0.615,6,2,0.75,27.8,25.6,-8.08,-10.62,,,,"$11,274,932"
2018,UAB,CUSA,11,3,0.786,7,1,0.875,29.9,17,1.99,-6.44,,,,"$11,725,395"
2019,UAB,CUSA,9,5,0.643,6,2,0.75,23.1,21.6,-4.6,-7.88,,,,"$12,179,203"
2020,UAB,CUSA,6,3,0.667,3,1,0.75,28.4,21.4,1.28,-4.28,,,,"$11,775,827"
2022,UAB,CUSA,7,6,0.538,4,4,0.5,30.1,23.2,-0.98,-5.13,,,,"$15,268,692"
2017,UCF,American,13,0,1,8,0,1,48.2,25.3,16.9,-0.8,,6,6,"$26,815,908"
2018,UCF,American,12,1,0.923,8,0,1,43.2,22.7,14.53,-2.78,21,7,11,"$27,120,656"
2019,UCF,American,10,3,0.769,6,2,0.75,43.4,23,11.59,-1.87,17,15,24,"$24,355,519"
2020,UCF,American,6,4,0.6,5,3,0.625,42.2,33.2,5.92,-1.78,21,11,,"$23,728,305"
2021,UCF,American,9,4,0.692,5,3,0.625,31.9,24.5,3.07,-2.08,,,,"$22,219,548"
2022,UCF,American,9,5,0.643,6,2,0.75,32.9,23.6,5.74,0.74,,17,,"$30,098,692"
2017,UCLA,Pac-12,6,7,0.462,4,5,0.444,32.5,36.6,0.64,4.41,,25,,"$37,702,515"
2018,UCLA,Pac-12,3,9,0.25,3,6,0.333,24.6,34.1,-2.19,6.73,,,,"$35,463,069"
2019,UCLA,Pac-12,4,8,0.333,4,5,0.444,26.7,34.8,-0.55,4.95,,,,"$32,311,478"
2020,UCLA,Pac-12,3,4,0.429,3,4,0.429,35.4,30.7,-0.11,-2.97,,,,"$25,941,456"
2021,UCLA,Pac-12,8,4,0.667,6,3,0.667,36.5,26.8,7.25,-0.25,,13,,"$36,989,741"
2022,UCLA,Pac-12,9,4,0.692,6,3,0.667,39.2,29,8.88,0.73,,9,21,"$44,181,569"
2017,UNLV,MWC,5,7,0.417,4,4,0.5,28.8,31.8,-7.92,-5.42,,,,"$10,120,375"
2018,UNLV,MWC,4,8,0.333,2,6,0.25,28.8,37.3,-9.98,-4.48,,,,"$10,174,916"
2019,UNLV,MWC,4,8,0.333,2,6,0.25,24.2,33,-11.55,-3.97,,,,"$12,950,125"
2020,UNLV,MWC,0,6,0,0,6,0,17.3,38,-20.68,-1.84,,,,"$12,255,673"
2021,UNLV,MWC,2,10,0.167,2,6,0.25,20.8,32.8,-9.02,0.32,,,,"$13,775,798"
2022,UNLV,MWC,5,7,0.417,3,5,0.375,26.3,28.5,-7.4,-5.48,,,,"$18,678,052"
2017,Utah,Pac-12,7,6,0.538,3,6,0.333,29.5,23.2,5.07,1.22,,20,,"$29,808,363"
2018,Utah,Pac-12,9,5,0.643,6,3,0.667,28.1,19.4,9.91,3.06,,16,,"$31,061,561"
2019,Utah,Pac-12,11,3,0.786,8,1,0.889,32.3,15,14.86,2.29,14,5,16,"$33,317,718"
2020,Utah,Pac-12,3,2,0.6,3,2,0.6,30.2,26,0.67,-2.93,22,22,,"$22,975,592"
2021,Utah,Pac-12,10,4,0.714,8,1,0.889,36.1,22.6,12.26,1.62,24,10,12,"$40,071,987"
2022,Utah,Pac-12,10,4,0.714,7,2,0.778,38.6,21.4,14.8,3.09,7,7,10,"$51,843,385"
2017,Utah State,MWC,6,7,0.462,4,4,0.5,30.2,26.9,-2.18,-3.72,,,,"$12,069,847"
2018,Utah State,MWC,11,2,0.846,7,1,0.875,47.5,22.2,9.58,-5.88,,14,22,"$13,245,614"
2019,Utah State,MWC,7,6,0.538,6,2,0.75,29.2,30.7,-1.93,-0.31,,,,"$13,542,312"
2020,Utah State,MWC,1,5,0.167,1,5,0.167,15.5,35.2,-19.38,-2.55,,,,"$12,056,252"
2021,Utah State,MWC,11,3,0.786,6,2,0.75,32.6,24.4,5.17,-3.04,,24,24,"$14,636,770"
2022,Utah State,MWC,6,7,0.462,5,3,0.625,22.2,31.2,-9.52,-4.06,,,,"$20,824,804"
2017,UTEP,CUSA,0,12,0,0,8,0,11.8,36.8,-23.75,-3.67,,,,"$12,328,422"
2018,UTEP,CUSA,1,11,0.083,1,7,0.125,17.7,32.8,-22.88,-8.46,,,,"$12,048,022"
2019,UTEP,CUSA,1,11,0.083,0,8,0,19.6,35.9,-23.1,-8.52,,,,"$9,758,684"
2020,UTEP,CUSA,3,5,0.375,0,4,0,23,31,-15.29,-11.41,,,,"$8,759,177"
2021,UTEP,CUSA,7,6,0.538,4,4,0.5,25.1,25.2,-5.3,-5.61,,,,"$11,806,863"
2022,UTEP,CUSA,5,7,0.417,3,5,0.375,24.4,27,-9.15,-6.48,,,,"$11,564,406"
2017,UTSA,CUSA,6,5,0.545,3,5,0.375,23.5,17,-5.78,-10.33,,,,"$9,795,011"
2018,UTSA,CUSA,3,9,0.25,2,6,0.25,14.2,31.2,-16.4,-4.4,,,,"$11,447,413"
2019,UTSA,CUSA,4,8,0.333,3,5,0.375,20.3,33.9,-14.08,-5.08,,,,"$10,150,720"
2020,UTSA,CUSA,7,5,0.583,5,2,0.714,28.3,25.7,-3.8,-6.71,,,,"$11,023,405"
2021,UTSA,CUSA,12,2,0.857,7,1,0.875,36.9,24.6,5.65,-3.21,,15,,"$14,849,343"
2022,UTSA,CUSA,11,3,0.786,8,0,1,36.8,25.9,5.36,-3.78,,22,,"$16,731,566"
2017,Virginia,ACC,6,7,0.462,3,5,0.375,22.5,28.4,-0.06,3.55,,,,"$22,712,557"
2018,Virginia,ACC,8,5,0.615,4,4,0.5,28.5,20.1,7.11,-0.04,,23,,"$25,888,748"
2019,Virginia,ACC,9,5,0.643,6,2,0.75,32.1,27.1,6.29,1.5,,18,,"$27,425,860"
2020,Virginia,ACC,5,5,0.5,4,5,0.444,30.7,29.6,-0.39,-0.09,,,,"$23,870,870"
2021,Virginia,ACC,6,6,0.5,4,4,0.5,34.6,31.8,2.24,2.57,,,,"$31,075,143"
2022,Virginia,ACC,3,7,0.3,1,6,0.143,17,24,-5.85,1.45,,,,"$31,134,941"
2017,Virginia Tech,ACC,9,4,0.692,5,3,0.625,28.2,14.8,10.56,2.41,21,12,24,"$32,532,683"
2018,Virginia Tech,ACC,6,7,0.462,4,4,0.5,29.8,31,-0.37,1.55,20,12,,"$33,666,607"
2019,Virginia Tech,ACC,8,5,0.615,5,3,0.625,30.8,24.7,3.37,-1.63,,23,,"$34,265,430"
2020,Virginia Tech,ACC,5,6,0.455,5,5,0.5,31.1,32.1,1.51,1.78,,19,,"$26,699,874"
2021,Virginia Tech,ACC,6,7,0.462,4,4,0.5,23.7,25.3,-0.33,0.67,,15,,"$41,766,016"
2022,Virginia Tech,ACC,3,8,0.273,1,6,0.143,19.3,24.7,-6.78,-0.96,,,,"$32,445,289"
2017,Washington,Pac-12,10,3,0.769,7,2,0.778,36.2,16.1,16.22,1.61,8,5,16,"$38,744,975"
2018,Washington,Pac-12,10,4,0.714,7,2,0.778,26.4,16.4,11.42,3.7,6,6,13,"$40,474,139"
2019,Washington,Pac-12,8,5,0.615,4,5,0.444,32,19.4,12.38,2.68,13,13,,"$51,454,948"
2020,Washington,Pac-12,3,1,0.75,3,1,0.75,30.3,25,0.11,-5.89,,23,,"$24,267,707"
2021,Washington,Pac-12,4,8,0.333,3,6,0.333,21.5,22.7,-4.65,-0.9,20,20,,"$70,461,921"
2022,Washington,Pac-12,11,2,0.846,7,2,0.778,39.7,25.8,11.56,0.64,,8,8,"$58,758,083"
2017,Washington State,Pac-12,9,4,0.692,6,3,0.667,30.3,25.8,6.62,2.39,24,8,,"$20,023,375"
2018,Washington State,Pac-12,11,2,0.846,7,2,0.778,37.5,23.3,12.19,-0.04,,7,10,"$22,052,168"
2019,Washington State,Pac-12,6,7,0.462,3,6,0.333,37.8,31.4,3.86,2.01,23,19,,"$23,049,901"
2020,Washington State,Pac-12,1,3,0.25,1,3,0.25,27,38.5,-11.34,-0.09,,,,"$16,533,539"
2021,Washington State,Pac-12,7,6,0.538,6,3,0.667,27.8,24.2,3.05,-0.02,,,,"$22,822,345"
2022,Washington State,Pac-12,7,6,0.538,4,5,0.444,26.1,22.9,3.55,2.24,,,,"$25,335,772"
2017,West Virginia,Big 12,7,6,0.538,5,4,0.556,34.5,31.5,4.84,3.07,22,22,,"$21,038,496"
2018,West Virginia,Big 12,8,4,0.667,6,3,0.667,40.3,27.2,12.6,3.85,17,6,20,"$24,046,517"
2019,West Virginia,Big 12,5,7,0.417,3,6,0.333,20.6,28.8,-2.92,3.16,,,,"$22,221,319"
2020,West Virginia,Big 12,6,4,0.6,4,4,0.5,26.5,20.5,5.97,1.07,,,,"$17,233,863"
2021,West Virginia,Big 12,6,7,0.462,4,5,0.444,25.2,23.8,1.54,3.85,,,,"$24,342,556"
2022,West Virginia,Big 12,5,7,0.417,3,6,0.333,30.6,32.9,2.9,6.06,,,,"$24,219,155"
2017,Western Kentucky,CUSA,6,7,0.462,4,4,0.5,25.5,26.8,-10.99,-9.61,,,,"$9,526,494"
2018,Western Kentucky,CUSA,3,9,0.25,2,6,0.25,21.1,27.8,-14.11,-6.78,,,,"$8,607,897"
2019,Western Kentucky,CUSA,9,4,0.692,6,2,0.75,25.4,20.1,0.31,-5.08,,,,"$9,985,367"
2020,Western Kentucky,CUSA,5,7,0.417,4,3,0.571,19,25.3,-11.15,-6.07,,,,"$8,805,001"
2021,Western Kentucky,CUSA,9,5,0.643,7,1,0.875,44.2,29.4,8.39,-2.61,,,,"$10,133,109"
2022,Western Kentucky,CUSA,9,5,0.643,6,2,0.75,36.4,23.4,1.01,-5.49,,,,"$11,182,362"
2017,Western Michigan,MAC,6,6,0.5,4,4,0.5,33.9,29,-2.87,-4.37,,,,"$9,197,073"
2018,Western Michigan,MAC,7,6,0.538,5,3,0.625,32,34.5,-4.92,-3.31,,,,"$9,752,828"
2019,Western Michigan,MAC,7,6,0.538,5,3,0.625,33.1,25.9,-1.77,-5.85,,,,"$9,346,842"
2020,Western Michigan,MAC,4,2,0.667,4,2,0.667,41.7,34.2,10.39,5.72,,,,"$5,951,641"
2021,Western Michigan,MAC,8,5,0.615,4,4,0.5,32.5,28.2,1.08,-2.62,,,,"$9,257,649"
2022,Western Michigan,MAC,5,7,0.417,4,4,0.5,19,24.1,-11.72,-5.88,,,,"$9,804,685"
2017,Wisconsin,Big Ten,13,1,0.929,9,0,1,33.8,13.9,22.61,6.18,9,3,7,"$38,285,426"
2018,Wisconsin,Big Ten,8,5,0.615,5,4,0.556,29.7,22.6,7.68,2.6,4,4,,"$40,412,322"
2019,Wisconsin,Big Ten,10,4,0.714,7,2,0.778,34.1,16.9,17.73,7.73,19,6,11,"$36,707,380"
2020,Wisconsin,Big Ten,4,3,0.571,3,3,0.5,25.1,17.4,8.62,4.33,12,9,,"$27,914,023"
2021,Wisconsin,Big Ten,9,4,0.692,6,3,0.667,25.4,16.2,13.87,6.8,12,12,,"$39,255,866"
2022,Wisconsin,Big Ten,7,6,0.538,4,5,0.444,26.3,20.2,4.37,2.29,18,18,,"$64,357,070"
2017,Wyoming,MWC,8,5,0.615,5,3,0.625,23.5,17.5,0.04,-4.65,,,,"$11,793,724"
2018,Wyoming,MWC,6,6,0.5,4,4,0.5,20.7,22,-3.45,-2.12,,,,"$13,815,185"
2019,Wyoming,MWC,8,5,0.615,4,4,0.5,25.4,17.8,1.33,-4.28,,,,"$12,391,720"
2020,Wyoming,MWC,2,4,0.333,2,4,0.333,26.5,21,-5.27,-7.94,,,,"$9,567,028"
2021,Wyoming,MWC,7,6,0.538,2,6,0.25,25.4,23.7,-3.14,-4.52,,,,"$12,456,861"
2022,Wyoming,MWC,7,6,0.538,5,3,0.625,21.2,23.9,-5.59,-4.43,,,,"$14,235,242"